{"\u6392\u7403(\u6de8)": {"player": 0, "chapter": 0, "map": 0, "pos_hint": {"x": 0.3223958333333333, "y": 0.3935185185185185}, "size_hint": [0.052083333333333336, 0.09259259259259259], "source": "res/images/items/\u6392\u7403(\u6de8).jpg"}, "\u6392\u7403(\u9ad2)": {"player": 0, "chapter": 0, "map": 0, "pos_hint": {"x": 0.7010416666666667, "y": 0.437037037037037}, "size_hint": [0.03125, 0.05555555555555555], "source": "res/images/items/\u6392\u7403(\u9ad2).jpg"}, "\u660e\u4fe1\u7247": {"player": 0, "chapter": 0, "map": 0, "pos_hint": {"x": 0.29010416666666666, "y": 0.5425925925925925}, "size_hint": [0.041666666666666664, 0.07407407407407407], "source": "res/images/items/\u660e\u4fe1\u7247.jpg"}, "\u6cdb\u9ec3\u7684\u6210\u7e3e\u55ae": {"player": 0, "chapter": 0, "map": 0, "pos_hint": {"x": 0.7838541666666666, "y": 0.13148148148148153}, "size_hint": [0.125, 0.2222222222222222], "source": "res/images/items/\u6cdb\u9ec3\u7684\u6210\u7e3e\u55ae.jpg"}, "\u6ce1\u6ce1\u6c34": {"player": 0, "chapter": 0, "map": 0, "pos_hint": {"x": 0.4427083333333333, "y": 0.2055555555555556}, "size_hint": [0.052083333333333336, 0.09259259259259259], "source": "res/images/items/\u6ce1\u6ce1\u6c34.jpg"}, "\u6d17\u8863\u7c89": {"player": 0, "chapter": 0, "map": 0, "pos_hint": {"x": 0.14739583333333334, "y": 0.7574074074074074}, "size_hint": [0.03125, 0.05555555555555555], "source": "res/images/items/\u6d17\u8863\u7c89.jpg"}, "\u7259\u5237": {"player": 0, "chapter": 0, "map": 2, "pos_hint": {"x": 0.8682291666666667, "y": 0.5407407407407407}, "size_hint": [0.08333333333333333, 0.14814814814814814], "source": "res/images/items/\u7259\u5237.jpg"}, "\u7926\u6cc9\u6c34": {"player": 0, "chapter": 0, "map": 2, "pos_hint": {"x": 0.3484375, "y": 0.15370370370370368}, "size_hint": [0.052083333333333336, 0.09259259259259259], "source": "res/images/items/\u7926\u6cc9\u6c34.jpg"}, "\u9059\u63a7\u5668": {"player": 0, "chapter": 0, "map": 2, "pos_hint": {"x": 0.85, "y": 0.7833333333333333}, "size_hint": [0.041666666666666664, 0.07407407407407407], "source": "res/images/items/\u9059\u63a7\u5668.jpg"}}