{"\u5145\u96fb\u5668": {"pos_hint": {"x": 0.7625, "y": 0.6267605633802817}, "size_hint": [0.125, 0.22535211267605634], "source": "res/images/handpainting/\u5145\u96fb\u5668.png"}}